Signature,Text,Name
C_004_26_1-047,"Magdeburg, Zentraler Platz (heute Ulrichsplatz) mit Springbrunnen und Blick nach Norden zu den Wohnh√§usern in der Wilhelm-Pieck-Allee (heute Ernst-Reuter-Allee)",LissyMD
C_004_26_1-057,"Magdeburg, Breiter Weg, Bacchantische Szene von Bernd G√∂bel Bronze (1978/84), heute steht der Plattenbau dahinter nicht mehr, die Bronze steht leicht versetzt im Breiten Weg.",LissyMD
C_004_26_1-160,"Die sch√∂nste Seite der Stadt Neubrandenburg, kaum mehr als die historische Stadtmauer mit ihren einmaligen Wieckh√§usern, hier in den 80ern wunderbar restauriert, ist nach dem Krieg nicht geblieben.",rogger.falk (Zooniverse/Talk)
C_004_26_1-177,"""Bernau, Experimentalkomplex """"Innenstadterneuerung mit Plattenbauten"""", Innenhof, Foto ca. sp√§te 1970er Jahre. Hofgestaltung von Formgestalter Jo Doese""",Zooniverse
C_004_26_1-188,"Eberswalde, Alte Forstakademie, ca. 1980",rogger.falk (Zooniverse/Talk)
C_004_26_2_059,"Hainichener Str. 64, 09599 Freiberg, Tempel der Kirche Jesu Christi der Heiligen der Letzten Tage (Mormonen)",LissyMD
C_004_26_2_061,"Freiberg, Obermarkt Denkmal und Brunnen f√ºr Otto den Reichen,",LissyMD
C_004_26_2_076,"Leipzig, Naschmarkt, Alte Handeslb√∂rse, links die R√ºckseite vom Alten Rathaus",LissyMD
C_004_26_2_079,"""Leipzig, Karl-Marx-Platz, heute Augustusplatz, im Vordergrund der Mendebrunnen, mittig das Opernhaus, rechts die Wohnbebauung am Ring. im Hintergrund das Wohnhochhaus Wintergartenstra√üe mit dem MM f√ºr """"Mustermesse"""" obendrauf""",LissyMD
C_004_26_2_081,"Leipzig, Bowlingtreff am Wilhelm-Leuschner-Platz",LissyMD
C_004_26_2_084,"Leipzig, Sachsenplatz, links die Leipzig-Information, dahinter die Wohnbebauung am Br√ºhl, im Hintergrund das Hotel Merkur, rechts das Br√ºhlpelz-Haus",LissyMD
C_004_26_2_112,"Cottbus, Fu√üg√§ngerzone Spremberger Stra√üe, Blick Richtung S√ºden, in der Bildmitte hinten der Spremberger Turm, 80er Jahre",rogger.falk (Zooniverse/Talk)
C_004_26_2_114,In rot rechts ein Skoda S100/S110. In Gelb links ein Mercedes W 114/115.,J. Bahmann
C_004_26_3_021,"Chemnitz, Plastik vor dem Stadtbad",rogger.falk (Zooniverse/Talk)
C_004_26_3_026,"Das Rathaus von Chemnitz (damals Karl-Marx-Stadt). Heute ist dieser Blickwinkel verbaut. Das goldene/br√§unliche Fahrzeug ist ein Skoda 742, rechts daneben ein Golf 1.",J. Bahmann
C_004_26_3_037,"""Dieses Bild hat leider zu wenig eindeutige Anhaltspunkte.
Das Fahrzeug links ist ein Skoda Oktavia mit (Chemnitzer?) Kennzeichen daneben der Wartburg mit (Berliner?) Kennzeichen. Die Bebauung l√§sst auf eine dicht besiedelte Zone schlie√üen. ggf. Berlin, Leipzig. Sollte das Bild in h√∂herer Aufl√∂sung vorliegen k√∂nnte der Stra√üenname am Geb√§ude zu lesen sein. Ansonsten ist im Hintergrund eine Eckkneipe zu erkennen sowie ganz rechts ein auff√§lliger roter Bau.""",J. Bahmann
C_004_26_3_038,"Chemnitz, Br√ºhl-Boulevard",LissyMD
C_004_26_3_039,"""Cottbus, Altstadt, Sandower Stra√üe, Ersatzneubau Gast√§tte """"Paulaner""""

Cottbus Sandower Stra√üe. Die ehemalige Gastst√§tte Paulaner Br√§u wird gerade im Rahmen des Programms innerst√§dtisches Bauen neu errichtet. Um 1985

Cottbus, Innenstadt, Altstadt, Sandower Stra√üe, Gertraudtenstra√üe, Neubau Gastst√§tte """"Paulaner""""""",Zooniverse
C_004_26_3_054,"Greiswald, St. Marien von Nordwest aus der Friedrich-Loeffler-Str.",LissyMD
C_004_26_3_058,"Greifswald, Ryck, mit Blick zu St. Marien",LissyMD
C_004_26_3_069,"Greiswald, St. Marien von Nordwest aus der Friedrich-Loeffler-Str.",LissyMD
C_004_26_3_073,Zwinger in Dresden,Gritto (Zooniverse/Talk)
C_004_26_3_075,"Dresden, Goldener Reiter, Hauptstr./Neust√§dter Markt",LissyMD
C_004_26_3_078,"Dresden, Prager Str., Kelchbrunnen",LissyMD
C_004_26_3_079,DDR-Moderne versus historische Altstadt,rogger.falk (Zooniverse/Talk)
C_004_26_3_091,"Rostock-Warnem√ºnde, einlaufender Frachter vor Westmole, 80er Jahre",rogger.falk (Zooniverse/Talk)
C_004_26_3_116,"Schabbelhaus, Schweinsbr√ºcke 6/8, 23966 Wismar, dahinter das Kirchenschiff von St. Nikolai",rogger.falk (Zooniverse/Talk)
C_004_26_4_002,Einbecker Stra√üe / Alfred-Kowalke-Stra√üe in Berlin-Friedrichsfelde,Alex75 (Zooniverse/Talk)
C_004_26_4_041,"""Hier sieht man das """"Rosenfelder Eck"""" in Berlin
Rosenfelder Stra√üe, Ecke Einbecker Stra√üe
Das Geb√§ude scheint es noch zu geben.""",J. Bahmann
C_004_26_4_052,"Blick auf die fr√ºhere Poliklinik in Berlin-Friedrichsfelde - Zachertstra√üe 75, 10315 Berlin",Alex75 (Zooniverse/Talk)
C_004_26_4_086,"Blick auf den Vorbau/Eingangsbereich des S- und Fernbahnhofs Berlin-Lichtenberg
Das abgebildete Objekt hei√üt Empfangsgeb√§ude. Das Bild entstand allerdings nach der Wende (siehe Fahrzeuge).","Alex75 (Zooniverse/Talk)
aladst78 (Zooniverse/Talk)"
C_004_27_1_032,"Erfurt/Th√ºringen, Domplatz 18, Historischer Waidspeicher im Mittelalter (vor Indigo war Waid die F√§rberpflanze aus Th√ºringen), Nutzung als Puppentheater und Kabarett vor der Wende und bis heute",Gritto (Zooniverse/Talk)
C_004_27_1_036,"Erfurt, Domplatz, Blick in die Marktstra√üe (links im Bild), ca. 1985",rogger.falk (Zoonivere/Talk)
C_004_27_1_059,Das Bild zeigt die Geb√§ude neben der Stra√üebahnhaltestelle Sorge/Markt in Gera.,J. Bahmann
C_004_27_1_075,"Gera, Markt mit Stadtapotheke und Simsonbrunnen",LissyMD
C_004_27_1_095,"Man blickt hier die Lohgerber Stra√üe entlang in Richtung St.Petri-Kirche in Rostock. Rechts zu sehen ein Barkas B1000 mit Rostocker Kennzeichen.
Rostock, √ñstliche Altstadt: Blick durch die Lohgerberstra√üe auf die Petrikirche Richtung Alter Markt, 80er Jahre. Schade, dass der Kandelaber an dem denkmalgesch√ºtzten Speicher (links im Bild) die Zeit nicht √ºberdauert hat.","J. Bahmann
rogger.falk (Zooniverse/Talk)"
C_004_27_2_002,"Rostock, Universit√§tsplatz, im Vordergrund Brunnen der Lebensfreude, im Hintergrund ‚ÄûF√ºnfgiebelhaus‚Äú, ca. 1987",rogger.falk (Zooniverse/Talk)
C_004_27_2_005,"Rostock, Blick aus dem Caf√© des damals gerade neuerbauten ‚ÄûF√ºnfgiebelhauses‚Äú am Hopfenmarkt (Universit√§tsplatz) auf den gegen√ºberliegenden Barocksaal, ca. 1987",rogger.falk (Zooniverse/Talk)
C_004_27_2_019,"Rostock, Neuer Markt, Weihnachtsmarkt mit Fahrgesch√§ften, ca. 1980",rogger.falk (Zooniverse/Talk)
C_004_27_2_037,"Schwerin, Schelfstadt, St. Nikolai, ca. 1980",rogger.falk (zooniverse/Talk)
C_004_27_2_045,"""Schwerin, Schlachtermarkt, Ochsenbrunnen oder Brunnen f√ºr """"Uns Herrn Pastor sin Kau""""""",LissyMD
C_004_27_2_046,"Schwerin, Schlachtermarkt",LissyMD
C_004_27_4_062,"""Ganz klar das schwierigste Bild, denn auch hier fehlt Eindeutigkeit.
Zu sehen sind 5-geschossige WBS70. Vermutlich ein weniger dicht besiedeltes Gebiet. Zu beachten sind die Vord√§cher der Eing√§nge, dass die Balkonbr√ºstungen scheinbar nicht massiv ausgef√ºhrt sind und die oberste Balkonplatte auskragt. Bei dem Fahrzeug handelt es sich um einen Fiat 125.""",J. Bahmann
C_004_27_4_073,"""Das k√∂nnte im Holl√§ndisches Viertel, Potsdam sein.
zB. hier: Charlottenstr., https://goo.gl/maps/miBWHTnntMvi4oSr9""
Ja, das ist in der Charlottenstra√üe in Potsdam. Das Holl√§nder Viertel ist es aber nicht. Das beginnt zwei Bl√∂cke dahinter
Potsdam, Holl√§ndisches Viertel zum Zeitpunkt der Sanierung Mitte der 80er Jahre","J.Kun (Zooniverse/Talk)
J.Kun (Zooniverse/Talk)
rogger.falk (Zooniverse/Talk)"
C_004_27_4_091,Autokennzeichen am Trabi spricht f√ºr Bezirk Potsdam Kreis Oranienburg (https://dr-herzfeld.de/kennzeichengeschichte/ddr1990.pdf),Gritto (Zooniverse/Talk)
C_004_27_4_099,Das rote Fahrzeug ist ein Lada 2101.,J. Bahmann
C_004_32_1_014,"Grimmen, Bahnhofstra√üe, Blick Richtung M√ºhlentor, im Hintergrund links die St. Marien Kirche, 80er Jahre",rogger.falk (Zooniverse/Talk)
C_004_32_1_069,"Bad Doberan, M√ºnster, ca. 1980",rogger.falk (Zooniverse/Talk)
C_004_32_1_124,"Weimar, Park an der Ilm, R√∂misches Haus, aufgenommen 80er Jahre",rogger.falk (Zooniverse/Talk)
C_004_32_2_067,"Wasserschloss Kochberg, Gro√ükochberg, Nahe Rudolstadt, Th√ºringen, Aufnahme ca. 1985",rogger.falk (Zooniverse/Talk)
C_004_32_2_068,"Jena, Rathaus, ‚ÄûUniturm‚Äú, um 1980",rogger.falk (Zooniverse/Talk)
C_004_32_2_083,"Weimar, Herderplatz, Herderdenkmal, im Hintergrund links das ‚ÄûDeutschritterhaus‚Äú, Aufnahme 70er Jahre",rogger.falk (Zooniverse/Talk)
C_004_32_2_084,"Weimar, Frauenplan, Blick auf das Goethehaus (ab Bildmitte rechts), ganz links der damals geschlossene Gasthof ‚ÄûZum wei√üen Schwaan‚Äú, 80er Jahre",rogger.falk (Zooniverse/Talk)
C_004_32_2_101,"Weimar, Stadtschloss, √§ltester Teil mit sichtbarem Burgcharakter, die Stra√üe davor mit originalem Basaltpflaster",rogger.falk (Zooniverse/Talk)
C_004_32_3_029,"""Karl-Marx-Stadt (heute wieder Chemnitz), Brunnen """"Jugend"""" (Badende M√§dchen), M√ºhlenstra√üe""",LissyMD
C_004_32_3_044,"Karl-Marx-Stadt (heute wieder Chemnitz), Kongresshotel",LissyMD
C_004_32_3_065,"Freiberg, Fortunabrunnen",LissyMD
C_004_32_3_067,"Freiberg, Obermarkt Denkmal und Brunnen f√ºr Otto den Reichen, rechts die Ratsapotheke",LissyMD
C_004_32_3_068,"Freiberg, Obermarkt Denkmal und Brunnen f√ºr Otto den Reichen,",LissyMD
C_004_32_3_069,"Freiberg, Obermarkt Denkmal und Brunnen f√ºr Otto den Reichen,",LissyMD
C_004_32_3_073,"Leipzig, Naschmarkt, Alte Handelsb√∂rse",LissyMD
C_004_32_3_074,"Leipzig, Sachsenplatz, rechts das Wohnhaus Ritterstra√üe, dahinter das Br√ºhlpelz-Haus, wohl noch vor der Fertigstellung des Merkur-Hotels in der Gerberstra√üe",LissyMD
C_004_32_3_076,"Leipzig, Martin-Luther-Ring, Blick auf den Turm des Neuen Rathauses, vorn das Geb√§ude der damaligen Staatsbank der DDR, heute Deutsche Bank. Der Sprung an der Baulinie markiert die Einm√ºndung Hugo-Licht-Stra√üe. Dahinter beginnt das Neue Rathaus.",LissyMD
C_004_32_3_077,"Leipzig, Blick auf das Neue Rathaus aus der Karl-Tauchnitz-Str. [ziemlich sicher nicht], rechts ein PH16-Wohnhaus",LissyMD
C_004_32_3_085,"Leipzig, Nikolaikirche, Innenaufnahme",LissyMD
C_004_32_3_086,vermutlich Innenaufnahme von der Nikolaikirche in Leipzig,LissyMD
C_004_32_3_087,"Leipzig, Nikolaikirche, Innenaufnahme",LissyMD
C_004_32_3_100,"Dresden, Hauptstr./Neust√§dterplatz",LissyMD
C_004_32_3_105,"Dresden, Brunnen am Albertplatz",LissyMD
C_004_32_3_109,"Dresden, Prager Str., Schalenbrunnen",LissyMD
C_004_32_3_118,"Dresden, Hauptstr./Neust√§dter Markt",LissyMD
C_004_32_4_012,"Dr.-Friedrichs-Ring 21A, 08056 Zwickau, Ringkaffee",LissyMD
C_004_32_4_054,ob Dessau? Auf einem der anderen Fotos mit Dessauer Rathausturm im Hintergrund ist eine solche verglaste Eckl√∂sung zu sehen,Lepsius1842
C_004_32_4_062,"Magdeburg, Dom, Hoher Chor und T√ºrme von Osten aus",LissyMD
C_004_32_4_064,"Magdeburg, Himmelreichstr./Breiter Weg",LissyMD
C_004_32_4_066,"Magdeburg, Neu-Olvenstedt, Brunnenstieg, 1980er Jahre",LissyMD
C_004_32_4_069,"Magdeburg, Zentraler Platz (heute Ulrichsplatz), Blick zu den Wohnh√§usern Kr√ºgerbr√ºcke und Otto-von-Guericke-Stra√üe",LissyMD
C_004_32_4_080,"Quedlinburg, Markt, Mu√ºnzenberg-Musikanten (eine Gruppe von 4 bronzenen Musikanten, die 1976 von Prof. Wolfgang Dreysse geschaffen wurde)",LissyMD
C_004_32_4_081,"Quedlinburg, Fachwerkmuseum ‚ÄûSt√§nderbau‚Äú im Word",LissyMD
C_004_32_4_001,"Zwickau, Hauptmarkt, mit dem Turm das Gewandhaus, rechts daneben das Rathaus",LissyMD
C_004_Diamappe011,Neubau Nikolaiviertel Berlin-Mitte,Alex75 (Zooniverse/Talk)
C_004_Diamappe013,Gasse im Nikolaiviertel in Berlin-Mitte,Alex75 (Zooniverse/Talk)
C_004_Diamappe029,Sophienstr. 16 in Berlin,Alex75 (Zooniverse/Talk)
C_004_Diamappe034,Blick auf die Neubauten bzw. die Schule an der heutigen Torstra√üe 216 in Berlin-Mitte,Alex75 (Zooniverse/Talk)
C_004_Diamappe036,Planetarium im Ernst-Th√§lmann-Park an der Prenzlauer Allee in Berlin,Alex75 (Zooniverse/Talk)
C_004_Diamappe049,"""Neubauten am Ernst-Th√§lmann-Park, Berlin-Prenzlauer Berg; Mitte der achtziger Jahre""",Alex75 (Zooniverse/Talk)
C_004_Diamappe060,Seeterrassen am Fennpfuhl in Berlin-Lichtenberg,Alex75 (Zooniverse/Talk)
C_004_Diamappe066,"""Eingansbereich zur Bibliothek auf der R√ºckseite des fr√ºheren HO-Handelszentrums in Berlin-Hohensch√∂nhausen - Zingster Str./Falkenberger Chaussee; heutiger Standort des """"Lindencenter""""""",Alex75 (Zooniverse/Talk)
C_004_Diamappe067,"""fr√ºheres HO-Kaufhaus in Berlin-Hohensch√∂nhausen am Prerower Platz (Zingster Str./Falkenberger Chaussee), heute Standort vom """"Lindencenter""""""",Alex75 (Zooniverse/Talk)
C_004_Diamappe154,Dessau mit Blick auf den Rathausturm,LissyMD
C_004_Diamappe169,"Ob Halle/Saale, Zenkerstra√üe Ecke Moritzzwinger?",Lepsius1842 (Zooniverse/Talk)
C_004_Diamappe174,"Leipzig, Bowlingtreff am Wilhelm-Leuschner-Platz, Innenaufnahme vom Atrium",LissyMD
C_004_Diamappe175,"Leipzig, Blick aus der Westvorstadt zum Neuen Rathaus",LissyMD
C_004_Diamappe176,"vermutlich Kinder-und Jugendsportschule II Rudolf Friedrich in Leipzig, Br√ºderstra√üe, nach 1985",LissyMD
C_004_Diamappe177,vermutlich Kinder-und Jugendsportschule II Rudolf Friedrich in Leipzig,LissyMD
C_004_Diamappe194,"Suhl, Neubebauung im Zentrum im Zusammenhang mit dem Ausbau als Bezirkshauptstadt, aufgenommen ca. 1985
Von diesen Neubauten gibt es noch viele Aufnahmen, auf denen oft auch das Waffenmuseum drauf ist.
‚Ä¶ und das benachbarte ehem. Centrum-Warenhaus (hier rechts am Bildrand)","rogger.falk (Zooniverse/Talk)
LissyMD (Zooniverse/Talk)
rogger.falk (Zooniverse/Talk)"
D_221_1_2_D051,"Gera, Puschkinplatz, im Hintergrund das Theater, 70er Jahre",rogger.falk (Zooniverse/Talk)
D2_1-00029,"Leipzig, Thomaskirchhof, rechts Thomaskirche, √ºber der hellen Jacke des Herrn der Sockel des Neuen Bach-Denkmals",LissyMD
D2_1-00031,"Leipzig, Blick von der Thomaswiese √ºber den Markt zum Alten Rathaus, links das Messeamt und rechts das Messehaus am Markt",LissyMD
D2_1-00034,"""Leipzig, Markt; links das Geb√§ude, in dem sich die Milchbar Pinguin befindet, im Hintergrund in der Mitte der Turm der Nikolaikirche, rechts das Alte Rathaus; in der Zeit, bevor die Altstadt Fu√üg√§ngerzone wurde""",LissyMD
D2_1-00083,"Das k√∂nnte am Kulkwitzer See in Leipzig-Markranst√§dt sein, so Ende der 1970er Jahre.
Ganz richtig, dass das am Kulkwitzer See ist, aber tats√§chlich in Leipzig-Gr√ºnau und nicht in Markranst√§dt, was wiederum eine eigenst√§ndige Stadt ist. üòâ","LissyMD (Zooniverse/Talk)
LongYuhan (Zooniverse/Talk)"
D2_1-00084,"seitenverkehrte Aufnahme! Leipzig Karl-Marx-Platz, heute Augustusplatz, rechts das Seminargeb√§ude der Uni, in der Mitte der Uniriese, davor der Mendebrunnen, links das Gewandhaus [Bild mittlerweile gespiegelt und Beschreibung angepasst]",LissyMD
D2_1-00093,"Leipzig, Lenn√©anlage am Ring, links der damalige Uni-Riese, in der Mitte das Gewandhaus, rechts das Europahaus",LissyMD
D2_1-00136,"Suhl, ZOB, ca. 1980",rogger.falk (Zooniverse/Talk)
D2_1-00148,"Halberstadt, Dom",LissyMD
D2_1-00155,Blick von der Friedrichstra√üe 167 in Richtung S-Bahnhof Friedrichstra√üe und zum Internationalen Handelszentrum,Alex75 (Zooniverse/Talk)
D2_1-00220,"Schwerin, Puschkinstra√üe, H√∂he Markt, Blick Richtung Nord, 70er Jahre",rogger.falk (Zooniverse/Talk)
D2_1-00259,"Rostock, Wiederaufbau der Ostseite der Wokrenter Stra√üe, aufgenommen vom Hochhaus in der Langen Stra√üe, Anfang der 80er Jahre",rogger.falk (Zooniverse/Talk)
D2_1-00423,"Potsdam, Restaurant und Caf√© ‚ÄûSeerose‚Äú, ein Schalenbau von Ulrich M√ºther, 1980er Jahr",LissyMD
D2_1-00427,Blick in die Palisadenstra√üe 65 in Berlin-Friedrichshain,Alex75 (Zooniverse/Talk)
D2_1-01239,"Leipzig, Karl-Marx-Platz (heute Augustusplatz), Blick in die Grimmaische Stra√üe, links das alte Seminargeb√§ude der Uni mit dem Karl-Marx-Relief, rechts der Turm der Nikolaikirche, wohl Ende der 1970er Jahre bzw. vor Fertigstellung des Gewandhauses wg. der Baustelleneinrichtung",LissyMD
D2_1-01241,"Leipzig, Str. d. 18. Oktober (rechts) f√ºhrt auf Philipp-Rosenthal-Str. (kommt von links)",LissyMD
D2_1-01653,"Grimma, Rathaus mit Eva-Brunnen, nette Informationen unter: https://www.brunnenturmfigur.de/index.php?cat=Brunnen und Wasserspiele%2Fin Sachsen und Sachsen-Anhalt&page=Grimma%2C Eilenburg und Wurzen&highlight=Grimma",LissyMD
D2_1-01673,"Dresden, Hauptstr./Neust√§dter Markt",LissyMD
C105-00102,"Gera, Schuhgasse mit Blick auf den Rathausturm",LissyMD
C105-00109,"eventuell Erfurt, Fu√üg√§ngerzone Anger., Anfang 80er Jahre
ja, Erfurt","rogger.falk (Zooniverse/Talk)
Bahner (Zooniver/Talk)"
C105-00111,"""Es handelt sich um den Steinweg in Suhl. Es ist eine der wenigen erhaltenen Stra√üen des historischen Stadtgef√ºges. Weite Teile der Stadt wurden im Rahmen des Umbaus zur Bezirksstadt umgestaltet und radikal √ºberformt. Zum Bild: Blick aus Richtung Kreuzkirche in Richtung Markt. Vorne links zu sehen die """"Goldbroiler-Bar"""". Vorne links die Galerie im Steinweg.  Ich w√ºrde das Bild auf die 1970-er Jahre datieren. Andere Anziehungspunkte im Steinweg waren """"Der Fisch"""" - ein Restaurant mit Fischangeboten, ein Eisladen im R√ºcken des Fotografen, oder die B√§ckerei Kr√ºger im weiteren Verlauf des Steinwegs links. Im Hintergrund ein kleiner Platz auf dem der Diana-Brunnen steht und man nach links das Centrum-Warenhaus erreichte.""",Zooniverse
C105-00117,"k√∂nnte Halle/Saale sein, Rathausstra√üe",LissyMD
C105-00137,"""nur eine Vermutung, m√ºsste man mit anderen Bildern abgleiche, aber das hier k√∂nnte in Frankfurt (Oder) sein, das Hochhaus in der Stra√üe """"Halbe Stadt""""""",LongYuhan (Zooniverse/Talk)
C105-00154,"Platz der Vereinten Nationen, fr√ºher Leninplatz",Alex75 (Zooniverse/Talk)
C105-00204,"15230 Frankfurt (Oder), Blick in Richtung S√ºden von der Nordseite der Rosa-Luemburg-Stra√üe in die Stra√üe Dr.-Salvador-Allende-H√∂he, links Wohnh√§user der Dr.-Salvador-Allende-H√∂he, mittig im Bildhintergrund die 4 Hochh√§ser des Pablo-Neruda-Block, rechts am Bildrand das Karl-Liebknecht-Gymnasium, Aufnahmezeit wahrscheinlich zeitnah zur Baufertigstellung im Jahre 1976",Zooniverse
C105-00223,"Magdeburg, Elbuferpromenade, rechts die Wallonerkirche, in der Mitte St. Petri, links davon die Magdalenenkapelle, im Vordergrund der Fischbrunnen von Wilfried Heider um 1974",LissyMD
C105-00266,Spielplatz Monbijoupark Berlin-Mitte gegen√ºber der Museumsinsel,Alex75 (Zooniverse/Talk)
C_004_32_1_130,"Stargarder Tor, Neubrandenburg ?",J.Kun
C105-00278,"""Berlin, Ernst-Th√§lmann-Park, Blick zur Greifswalder Stra√üe;""",LissyMD
C105-00280,Ernst-Th√§lmann-Park in Berlin-Prenzlauer Berg,Alex75 (Zooniverse/Talk)
C105-00294,"""Magdeburg, Kreuzung """"Weinarkade"""" Wilhelm-Pieck-Allee (heute Ernst-Reuter-Allee) Ecke Otto-von-Guericke-Stra√üe""",LissyMD
C105-00302,"Weimar, Marktstra√üe, innerst√§dtischer Neubau, Anfang der 80er Jahre, links im EG der ehemalige Gem√ºseladen",rogger.falk (Zooniverse/Talk)
C105-00360,"Blick auf die H√§suer in Husemannstr.13-15 in Berlin-Prenzlauer Berg, Sanierung in den achtziger Jahren",Alex75 (Zooniverse/Talk)
C105-00452,vermutlich Halle/Saale,ZX9CHR (Zooniverse/Talk)
C105-00500,"""Blick aus Biesdorf in Richtung Helene-Weigel-Platz (Marzahn), √ºber die D√§cher der Clubgastst√§tte und Kaufhalle """"Biesdorfer Kreuz""""""",Sebastian79 (Zooniverse/Talk)
C105-00523,"Blick auf die Neubauten in der Torstra√üe 189, 10115 Berlin",Alex75 (Zooniverse/Talk)
C105-00530,Torstra√üe 205 (?) in Berlin-Mitte,Alex75 (Zooniverse/Talk)
C105-00532,"""Via Google Street View oder Apple Maps """"umsehen"""" l√§sst sich das Foto eindeutig der benannten Kreuzung zuordnen.""
""Torstr. / Borsigstr., Berlin
Fotografiert von etwa Torstr. 200
goo.gl/maps/ptC7917W4RGv9fSQ9""
Torstra√üe / Borsigstra√üe 36","gFab (Zooniverse/Talk)
J.Kun (Zooniverse/Talk)
Alex75"
C105-00541,Blick aus der Neuen Sch√∂nhauser Stra√üe auf die Kreuzung Alte Sch√∂nhauser Str./M√ºnzstr.,Alex75 (Zooniverse/Talk)
C105-00552,Blick aus der Tucholskystra√üe auf Neubauten an der Torstra√üe 189 in Berlin-Mitte,Alex75 (Zooniverse/Talk)
C105-00644,"""Solch eine Kletterburg war zu DDR Zeiten selten, obwohl die Spielpl√§tze oft in unmittelbarer N√§he der Wohnh√§user waren. In der Wendezeit - als man wirklich nicht wusste, was morgen geschehen w√ºrde ?- da konnte man von unserem Balkon zur Oststadt in Nbg. schauen. Im Radio war die rede von einem neuen Abenteuerspielplatz am Hang der Oststadt und wir konnten das Baugeschehen 1990 in st√ºndlicher Ver√§nderung beobachten, dann kam √ºbers Radio ein Hilferuf wegen den Pallisaden, die auf dem Transport wohl verungl√ºckt waren und der ganze Zeitrahmen in Frage stand. Dies war h√∂chst interessant zu beobachten, wie viele kleine und gr√∂√üere Firmen ihre Hilfe anboten, na jedenfalls wurde die Er√∂ffnung des Spielplatzes zeitm√§√üig eingehalten und wir wunderten uns in dieser Zeit, wie und was alles m√∂gliche w√§re, wenn die Menschen zusammen arbeiten. dies war und ist meine Erinnerung an diese Zeit, schade, dass von dieser Motivation bis heute nichts geblieben ist. Wir dachten damals wirklich an ein grosses friedliches Europa und jeder - wirklich jeder - glaubte an dieses wiedervereinigte Deutschland in Frieden.
[Kommentar bzw. Ausgangspost auf facebook mittlerweile gel√∂scht; siehe screenshot]""",Andreas Franz - Facebook
C105-00694,"Halle-Neustadt, Frauenbrunnen (1974 zum 10. Jahrestag der Grundsteinlegung der Stadt eingeweiht, geschaffen wurde er vom Hallenser Bildhauer Gerhard Lichtenfeld)",LissyMD
C105-00699,"Blick auf das Wohnhaus Greifswalder Str. 43, 10405 Berlin",Alex75 (Zooniverse/Talk)
C105-00913,"Rostock-Lichtenh√§ger Brink, Blick aus s√ºdlicher Richtung, ca. 1985",rogger.falk (Zooniverse/Talk)
C105-00965,"Marzahn, Blick von der Marchwitzastra√üe (Hochhaus abgerissen) √ºber die Allee der Kosmonauten in Richtung Gei√üenweide. Rechts Luise-Zietz-Stra√üe.",Sebastian79 (Zooniverse/Talk)
C105-01187,"Poliklinik am S-Bahnhof Springpfuhl - Allee der Kosmonauten 47, 12681 Berlin-Marzahn",Alex75 (Zooniverse/Talk)
C105-01241,"""Fu√üg√§ngerunterf√ºhrung am Helene-Weigel-Platz, Unterquerung der Allee der Kosmonauten in Richtung """"Biesdorfer Kreuz""""""",Sebastian79 (Zooniverse/Talk)
C105-01336,seitlicher Blick aus der Langenbeckstra√üe auf die Vorderfront des SEZ (Berlin) parallel zur heutigen Landsberger Allee (fr√ºher Leninallee),Alex75 (Zooniverse/Talk)
C105-01489,"""Vermutlich Stra√üenbahnhaltestelle Alt-Marzahn; Bus vermutlich Linie 92 (S-Marzahn-S Biesdorf)""",Sebastian79 (Zooniverse/Talk)
C105-01525,"""Rampe zur Unterquerung der Allee der Kosmonauten in Berlin-Marzahn; Blick Richtung Springpfuhl""",Alex75 (Zooniverse/Talk)
C105-01548,Fontane-Denkmal auf dem Fontaneplatz in Neuruppin,rogger.falk (Zooniverse/Talk)
C105-01582,"Blick vom Kienberg (in den G√§rten der Welt) auf das Neubaugebiet Marzahn,",Alex75 (Zooniverse/Talk)
C105-01590,"Erfurt, Anger, im Hintergrund der Angerbrunnen, ca. 1980",rogger.falk (Zooniverse/Talk)
C105-01645,"Erfurt, St. Severi, ca. 1970",rogger.falk (Zooniverse/Talk)
D2_1-01365,Altes Museum auf der Museumsinsel Berlin-Mitte,Alex75
C105-01668,"Magdeburg, Stadtteil Neust√§dter See, Stadtplatz an der Salvador-Allende-Stra√üe, Blaues Geb√§ude in der Stra√üe Im Steingew√§nde, die B√§ume dahinter geh√∂ren schon zum ZOO",LissyMD
C105-01681,"Blick vom Berliner Fernsehturm auf das Haus des Lehrers, die Karl-Marx-Allee, Strausberger Platz und im weiteren Verlauf die Frankfurter Allee",Alex75 (Zooniverse/Talk)
C105-01717,"Potsdam-Innenstadt, Brandenburger Stra√üe, Blick von der s√ºdwestlichen Ecke der Kreuzung zur heutigen Hermann-Elflein-Stra√üe Richtung West, Mai 1980",rogger.falk (Zooniverse/Talk)
C105-01775,"Erfurt, Szene auf dem Anger in den 80er Jahren",rogger.falk (Zooniverse/Talk)
C66_95-0039,"""Blick auf den Eingang zum Tierpark Berlin-Friedrichsfelde (H√∂he """"Am Tierpark 68"""")""",Alex75 (Zooniverse/Talk)
C66_95-0342,"Sozialistischer St√§dtebau an der Mauer direkt neben dem Springer-Hochhaus. Als ich ca. 1984 aus der obersten Etage eines der Hoch√§user einen Blick √ºber die Mauer werfen wollte, wurde ich durch eine ‚Äûengagierte‚Äú Hausbewohnerin des Hauses verwiesen.
Blick auf das Planungsmodell Leipziger Stra√üe in Berlin-Mitte","rogger.falk (Zooniverse/Talk)
Alex75 (Zooniverse/Talk)"
C66_95-0351,Blick auf die Baustelle eines Neubaus in der Tucholskystra√üe 52 in Berlin-Mitte,Alex75 (Zooniverse/Talk)
C66_95-0352,Baustelle Neubau Torstra√üe 189 in Berlin-Mitte,Alex75 (Zooniverse/Talk)
C66_95-0361,Blick von der Robert-Uhrig-Stra√üe auf H√∂he der Nummer 6B in Berlin-Friedrichsfelde in Richtung der Stra√üe Alt-Friedrichsfelde (B1),Alex75 (Zooniverse/Talk)
C66_95-0371,Frankfurter Allee 195 in Berlin-Lichtenberg,Alex75 (Zooniverse/Talk)
C66_95-0413,"Magdeburg, Elbeschwimmhalle",LissyMD
C66_95-0508,"""Blick auf die Kaufhalle auf dem heutigen Heinrich-Dathe-Platz; N√§he U-Bahnhof Tierpark in Berlin""",Alex75 (Zooniverse/Talk)
C66_95-0541,"Modell zum Wiederaufbau des Nikolaiviertel in Berlin-Mitte, N√§he Rotes Rathaus",Alex75 (Zooniverse/Talk)
C66_95-0566,"Blick auf Neubauten in Berlin-Friedrichshain, Stralauer Allee 21 und 20C",Alex (Zooniverse/Talk)
C66_95-0578,"Helene-Weigel-Platz Berlin-Marzahn
""Blick aus Biesdorf in Richtung Helene-Weigel-Platz (Marzahn), √ºber die D√§cher der Clubgastst√§tte und Kaufhalle """"Biesdorfer Kreuz""""""","Alex75 (Zooniverse/Talk)
Sebastian79 (Zooniverse/Talk)"
C66_95-0579,vermutlich: Blick vom Kienberg √ºber die Wuhle auf das Wohngebiet Eisenacher Str./Gothaer Str./Suhler Str. in Hellersdorf.,Sebastian79 (Zooniverse/Talk)
C66_95-0622,Modell f√ºr die Neubebauung Friedrichstra√üe 173 in Berlin-Mitte,Alex75 (Zooniverse/Talk)
C66_95-0623,Modell zur Neubebauung der Friedrichstra√üe (172) in Berlin-Mitte,Alex75 (Zooniverse/Talk)
C66_95-0625,Modell vom fr√ºheren Centrum-Warenhaus am S-Bahnhof Ostbahnhof in Berlin-Friedrichshain,Alex75 (Zooniverse/Talk)
C66_95-0647,Blick auf die Neubauten an der Wallstra√üe in Berlin-Mitte,Alex75 (Zooniverse/Talk)
C66_95-0648,Blick √ºber Marzahn - Neubaugebiet am Springpfuhl,Alex75 (Zooniverse/Talk)
C66_95-0654,"Modell zur Neubebauung des Bersarinplatzes in Berlin-Friedrichshain, Anfang der 80er Jahre
Das Bild ist allerdings seitenverkehrt!","Alex75 (Zooniverse/Talk)
aladst78"
C66_95-0661,Greifswalder Stra√üe 55 in Berlin,Alex 75 (Zooniverse/Talk)
C66_95-0662,"Blick Greifswalder Stra√üe 51, John-Schehr-Stra√üe 2, 10405 Berlin",Alex75 (Zooniverse/Talk)
C66_95-0734,Helene-Weigel-Platz / Allee der Kosmonauten / Blick auf das fr√ºhere Kino Sojus in Berlin-Marzahn,Alex75 (Zooniverse/Talk)
C66_95-0736,"Blick √ºber Marzahn vom Hochhaus Marschwitzastr. √ºber die WBS70 zu den Zehngeschosser QP71, dahinter die Allee der Kosmonauten. Links eines der ersten in Marzahn fertiggestellten Plattenbauten, hinter dem erkennbaren Durchgang befindet sich heute noch das Denkmal, die Richtkrone aus Beton. Ganz links mittig das Kino Sojus, die beiden Hochh√§user WHHPlatte befinden sich am Springpfuhl. Rechts oben Hochh√§user an der Gei√üenweide. Aufnahme ca 80er Jahre.
""Der ungef√§hre heutige Blickwinkel:

https://www.bing.com/maps?osid=bd46f782-d98b-423d-b79f-65957ec038c7&cp=52.526326~13.542624&lvl=17&style=g&pi=60&v=2&sV=2&form=S00027

https://goo.gl/maps/jTWuMzMFbFsKb4i99""","Fornax88 (Zooniverse/Talk)
J.Kun (Zooniverse/Talk)"
C66_95-0738,Blick auf die Neubauten an der Stralauer Allee 21 in Berlin-Friedrichshain,Alex75 (Zooniverse/Talk)
D2_1-00092,"""Leipzig, Karl-Marx-Platz, heute Augustusplatz, im Vordergrund der Mendebrunnen mit Obelisk, mittig das Opernhaus, rechts die Wohnbebauung am Ring. im Hintergrund das Wohnhochhaus Wintergartenstra√üe mit dem MM f√ºr """"Mustermesse"""" obendrauf, links das Kroch-Hochhaus in der Goethestra√üe mit den beiden Glockenm√§nnern auf dem Dach""",LissyMD
D2_1-01714,"Zwickau, Gewandhaus, wohl an einem 1. Mai",LissyMD
C004_34_1-027,Blick auf das Verlagshaus der Berliner Zeitung am Alexanderplatz / Karl-Liebknecht-Stra√üe (Berlin),Alex75 (Zooniverse/Talk)
C004_34_1-040,"""Blick auf das fr√ºheren HO-Handelshaus in Berlin-Hohensch√∂nhausen an der Falkenberger Chaussee / Zingster Stra√üe; heute Standort des """"Lindencenters""""""",Alex75 (Zooniverse/Talk)
C004_34_1-039,"""Eingangsbereich zum HO-Handelszentrum """"Handelshaus"""" in Berlin-Hohensch√∂nhausen Zingster Str./Falkenberger Chaussee, heute Standort des """"Lindencenter""""""",Alex75 (Zooniverse/Talk)
C004_34_1-056,"""fr√ºhere Kaufhalle """"Storchenhof"""" in Berlin-Alt-Hohensch√∂nhausen Hauptstr.""",Alex75
C004_34_1-057,"""fr√ºhere Kaufhalle """"Storchenhof"""" in Berlin-Alt-Hohensch√∂nhausen Hauptstr.""",Alex75
C004_34_1-038,fr√ºheres HO-Kaufhaus in Berlin-Neuhohensch√∂nhausen / heutiger Standort des Lindencenters an der Falkenberger Chaussee / Zingster Stra√üe,Alex75 (Zooniverse/Talk)
C004_34_1-083,Bus- und Stra√üenbahnhof in Berlin-Lichtenberg - Siegfriedstra√üe 33,Alex75 (Zooniverse/Talk)
C004_34_1-088,Wandgem√§lde ‚Äì Nicaragua in der N√§he S-Bahnhof Lichtenberg / Giebelwand des Hauses am Monimb√≥platz,Alex75 (Zooniverse/Talk)
C004_34_1-097,"Blick auf die Neubauten - Frankfurter Allee - wahrscheinlich Hausnummer 209 in 10365 Berlin, 80er Jahre",Alex75 (Zooniverse/Talk)
C105-01832,fr√ºherer Kindergarten auf der Dachterrasse der Rathauspassagen an der heutigen Grunerstra√üe in Berlin-Mitte,Alex75 (Zooniverse/Talk)
C105-01888,"Halle-Neustadt, Taubenbrunnen",LissyMD
C105-02155,"Rostock-Warnem√ºnde, Hotel Neptun, Haupteingang mit Publikum, ca. 1980",rogger.falk (Zooniverse/Talk)
C004_33_10-006,vermutlich Neubauten an der Wilhelmstra√üe in Berlin-Mitte,Alex75 (Zooniverse/Talk)
C004_33_10-009,Neubauten am fr√ºheren Grenzverlauf an der Mauer N√§he Brandenburger Tor - Blick von der heutigen Gertrud-Kolmar-Stra√üe 25,Alex75 (Zooniverse/Talk)
C004_33_6-090,Blick aus der M√ºnzstra√üe auf Neubauten in der Alte Sch√∂nhauser Stra√üe (von rechts) bzw. Weinmeisterstra√üe (geradeaus),Alex75 (Zooniverse/Talk)
C004_33_6-091,Blick in die M√ºnzstra√üe 22 in Berlin-Mitte,Alex75 (Zooniverse/Talk)
C004_33_6-092,"Dircksenstra√üe 38, 10178 Berlin-Mitte, heute Sitz der WBM ‚Äì Wohnungsbaugesellschaft Berlin-Mitte mbH",Alex75 (Zooniverse/Talk)
C004_33_6-094,Blick auf das Hotel Stadt Berlin am Berliner Alexanderplatz,Alex75 (Zooniverse/Talk)
C004_33_6-108,"Blick auf die Schlossbr√ºcke, dahinter das fr√ºhere DDR-Au√üenministerium und dahinter die Friedrichswerdersche Kirche",Alex75 (Zooniverse/Talk)
C004_33_7-012,Blick auf das fr√ºhere Staatsratgeb√§ude und die Schlossbr√ºcke in Berlin-Mitte,Alex75 (Zooniverse/Talk)





Test1,https://gogle.com,_
Test2,Hallo ich hei√üe Michel,_
Test3,Hallo!! ich hei√üe Michel??????,_
Test4,Hallo!!?,_
Test5, üòó üòô üòö üòã üòõ,_
Test6,:-) :)) Hallo was ist das hier? ;),_
Test7,ICH HASSE ES IM INTERNET ZU SCHREIBEN!!!! Ne Scherz, aber vlt schon..,_
